URL,AllMessagesFlag
https://t.me/DrPasha_eco,true
https://t.me/alirezamehrabi_com,true
https://t.me/FREE2CONFIG,true
https://t.me/shay_iranux/16597,true
https://t.me/mvaisipodcasts,true
https://t.me/v2rayngvpn,true
https://t.me/nulllroute1970,true
https://t.me/thefeedconfig,true
https://t.me/networkti,true
https://t.me/hi_proxy_iran,true
https://t.me/vpn_proxy_custom,true
https://t.me/Vegaconfig,true
https://t.me/Configir98,true
https://t.me/SOSkeyNET,true
https://t.me/ProxyMTProto,true
https://t.me/vpnmaane,true
https://t.me/VahidHeadline,true
https://t.me/bazibazanmoddedgame,true
https://t.me/FreeV2rays,true
https://t.me/configV2rayNG,true
https://t.me/vpnmasi,true
https://t.me/v2ray_ar,true
https://t.me/iSeqaro,true
https://t.me/God_CONFIG,true
https://t.me/vpn_ioss,true
https://t.me/AliAlma_GSM,true
https://t.me/reality_daily,true
https://t.me/v2rayng_org,true
https://t.me/v2rayngvpn,true
https://t.me/flyv2ray,true
https://t.me/v2ray_outlineir,true
https://t.me/v2_vmess,true
https://t.me/FreeVlessVpn,true
https://t.me/freeland8,true
https://t.me/vmess_vless_v2rayng,true
https://t.me/PrivateVPNs,true
https://t.me/vmessiran,true
https://t.me/Outline_Vpn,true
https://t.me/vmessq,true
https://t.me/WeePeeN,true
https://t.me/V2rayNG3,true
https://t.me/ShadowsocksM,true
https://t.me/shadowsocksshop,true
https://t.me/v2rayan,true
https://t.me/ShadowSocks_s,true
https://t.me/VmessProtocol,true
https://t.me/napsternetv_config,true
https://t.me/Easy_Free_VPN,true
https://t.me/V2Ray_FreedomIran,true
https://t.me/V2RAY_VMESS_free,true
https://t.me/v2ray_for_free,true
https://t.me/V2rayN_Free,true
https://t.me/free4allVPN,true
https://t.me/vpn_ocean,true
https://t.me/configV2rayForFree,true
https://t.me/DigiV2ray,true
https://t.me/v2rayNG_VPN,true
https://t.me/freev2rayssr,true
https://t.me/v2rayn_server,true
https://t.me/Shadowlinkserverr,true
https://t.me/iranvpnet,true
https://t.me/vmess_iran,true
https://t.me/mahsaamoon1,true
https://t.me/V2RAY_NEW,true
https://t.me/v2RayChannel,true
https://t.me/config_v2ray,true
https://t.me/vpn_proxy_custom,true
https://t.me/v2ray_custom,true
https://t.me/VPNCUSTOMIZE,true
https://t.me/HTTPCustomLand,true
https://t.me/vpn_proxy_custom,true
https://t.me/ViPVpn_v2ray,true
https://t.me/FreeNet1500,true
https://t.me/beta_v2ray,true
https://t.me/vip_vpn_2022,true
https://t.me/FOX_VPN66,true
https://t.me/VorTexIRN,true
https://t.me/YtTe3la,true
https://t.me/V2RayOxygen,true
https://t.me/Network_442,true
https://t.me/VPN_443,true
https://t.me/v2rayng_v,true
https://t.me/ultrasurf_12,true
https://t.me/frev2rayng,true
https://t.me/frev2ray,true
https://t.me/FreakConfig,true
https://t.me/Awlix_ir,true
https://t.me/v2rayngvpn,true
https://t.me/Configforvpn01,true
https://t.me/polproxy,true
https://t.me/v2rayvpnchannel,true
https://t.me/proxy_mtm,true
https://t.me/V2Ray_FreedomIran,true
https://t.me/v2rayfree1,true
https://t.me/free_v2rayyy,true
https://t.me/nx_v2ray,true
https://t.me/nufilter,true
https://t.me/Free_HTTPCustom,true
https://t.me/customv2ray,true
https://t.me/vpn_Nv1,true
https://t.me/shopingv2ray,true
https://t.me/v2rayng_vpnrog,true
https://t.me/ServerNett,true
https://t.me/MT_TEAM_IRAN,true
https://t.me/V2ray_Team,true
https://t.me/VpnProsecc,true
https://t.me/ConfigsHUB,true
https://t.me/melov2ray,true
https://t.me/V2pedia,true
https://t.me/FalconPolV2rayNG,true
https://t.me/ShadowProxy66,true
https://t.me/VPNCUSTOMIZE,true
https://t.me/prrofile_purple,true
https://t.me/MsV2ray,true
https://t.me/VlessConfig,true
https://t.me/vless_vmess,true
https://t.me/MehradLearn,true
https://t.me/kingofilter,true
https://t.me/IRN_VPN,true
https://t.me/V2raysFree,true
https://t.me/SvnTeam,true
https://t.me/flyv2ray,true
https://t.me/free1_vpn,true
https://t.me/UnlimitedDev,true
https://t.me/vpn_xw,true
https://t.me/V2RayTz,true
https://t.me/ipV2Ray,true
https://t.me/OutlineVpnOfficial,true
https://t.me/mehrosaboran,true
https://t.me/mftizi,true
https://t.me/https_config_injector,true
https://t.me/Hope_Net,true
https://t.me/V2rayng_Fast,true
https://t.me/DailyV2RY,true
https://t.me/shh_proxy,true
https://t.me/forwardv2ray,true
https://t.me/Lockey_vpn,true
https://t.me/shadow_socks1,true
https://t.me/Everyday_VPN,true
https://t.me/V2rayCollectorDonate,true
https://t.me/eliya_chiter0,true
https://t.me/v2ray1_ng,true
https://t.me/Romax_VPN,true
https://t.me/DailyV2RY,true
https://t.me/DeamNet_proxy,true
https://t.me/socks5tobefree,true
https://t.me/V_2rey,true
https://t.me/teamkingo,true
https://t.me/spdnet,true
https://t.me/TunelProV2,true
https://t.me/iran_v2ray1,true
https://t.me/v2rayvpn2,true
https://t.me/v2rayNgg_iran,true
https://t.me/V2rayNG_account_free,true
https://t.me/V2rayi_net,true
https://t.me/vpnowl,true
https://t.me/ghalagyann,true
https://t.me/XpnTeam,true
https://t.me/fhkllvjkll,true
https://t.me/V2ray_Alpha,true
https://t.me/IRANVPNNET,true
https://t.me/GH_v2rayng,true
https://t.me/VPNwedbaz,true
https://t.me/proxyymeliii,true
https://t.me/icv2ray,true
https://t.me/iTV2RAY,true
https://t.me/ArV2ray,true
https://t.me/SEVEN_ping,true
https://t.me/meli_proxyy,true
https://t.me/SafeNetIR,true
https://t.me/SafeNet_Server,true
https://t.me/V2RAYROZ,true
https://t.me/V2Graphy,true
https://t.me/ViraV2ray,true
https://t.me/oneclickvpnkeys,true
https://t.me/DirectVPN,true
https://t.me/Parsashonam,true
https://t.me/fnet00,true
https://t.me/Outline_Vpn,true
https://t.me/vmess_vless_v2rayng,true
https://t.me/DeamNet_Proxy,true
https://t.me/SafeNet_Server,true
https://t.me/moh3enivx,true
https://t.me/ultrasurf_12,true
https://t.me/nofiltering2,true
https://t.me/V2rayNGX,true
https://t.me/IraneAzad_Net,true
https://t.me/VPN_SOLVE,true
https://t.me/Fr33C0nfig,true
https://t.me/Freedomnetir,true
https://t.me/iP_CF,true
https://t.me/IP_CF_Config,true
https://t.me/hddify,true
https://t.me/Fr33C0nfig,true
https://t.me/Vaslchi_VPN,true
https://t.me/PewezaVPN,true
https://t.me/V2rayAlpha,true
https://t.me/free_v2ray_npv,true
https://t.me/Bluefilter_org,true
https://t.me/electvpn0,true
https://t.me/V2rayAccess,true
https://t.me/AmirSNet,true
https://t.me/MeliVPNN,true
https://t.me/meliproxyy,true
https://t.me/TeleProxyTele,true
https://t.me/icv2ray,true
https://t.me/YamYamProxy,true
https://t.me/ConfigsHub,true
https://t.me/v2rayconfigamir,true
https://t.me/ConfigFori,true
https://t.me/persianvpnhub,true
https://t.me/MoradVaisiPodcasts,true
https://t.me/VahidHeadline,true
https://t.me/ConfigWireguard,true
https://t.me/arzdon,true
https://t.me/VahidOnline,true
https://t.me/alonews,true
https://t.me/whitedns,true
https://t.me/appxa,true
https://t.me/networkti,true
https://t.me/JavidnamanIran,true
https://t.me/irdevs_dns,true
https://t.me/yebekhe,true
https://t.me/gheychiamoozesh,true
https://t.me/MatinSenPaii,true
https://t.me/hamedvpns,true
https://t.me/IranintlTV,true
https://t.me/SlipNet_app,true
https://t.me/irnetmonitor,true
https://t.me/mamlekate,true
https://t.me/InternetFreedom1,true
https://t.me/Acplus_channel,true
https://t.me/CluvexStudio,true
https://t.me/asrnovin_ir,true
https://t.me/filembad,true
https://t.me/Configir98,true
https://t.me/SOSkeyNET,true
https://t.me/vpnmaane,true
https://t.me/anty_filter,true
https://t.me/SoonTeam,true
https://t.me/aristapnel,true
https://t.me/SamnetInternet,true
https://t.me/iaghapour,true
https://t.me/Ghost_Resisters,true
https://t.me/FREE2CONFIG,true
https://t.me/vipconfingg,true
https://t.me/ConfigX2ray,true
https://t.me/UnNurmal,true
https://t.me/IranintlTV,true
https://t.me/KurdConfing,true
https://t.me/ConfigWireguard,true
https://t.me/prrofile_purple,true
https://t.me/persianvpnhub,true
https://t.me/PersianGithubMirror,true
https://t.me/asanfillter,true
https://t.me/MatinSenPaii,true
https://t.me/configraygan,true
https://t.me/enternetiran,true
https://t.me/mamlekate,true
https://t.me/famoushaji,true
https://t.me/mtprot,true
https://t.me/AzadNet,true
https://t.me/beshkan,true
https://t.me/sinavm,true
https://t.me/ircfspace,true
https://t.me/DailyV2RY,true
https://t.me/Free_Nettm,true
https://t.me/v2rayngvpn,true
https://t.me/RoozanehNet,true
https://t.me/Fr33C0nfig,true
https://t.me/Apforexx,true
https://t.me/moinsl,true

